score,threshold,coverage,accuracy
semantic_entropy,0.0,0.23737373737373738,0.9574468085106383
semantic_entropy,0.325082973,0.3181818181818182,0.9523809523809523
semantic_entropy,0.500402424,0.3383838383838384,0.9552238805970149
semantic_entropy,0.610864302,0.3434343434343434,0.9558823529411765
semantic_entropy,0.63903186,0.36363636363636365,0.9444444444444444
semantic_entropy,0.673011667,0.37373737373737376,0.9459459459459459
semantic_entropy,0.801818553,0.4090909090909091,0.9012345679012346
semantic_entropy,0.897945725,0.41919191919191917,0.891566265060241
semantic_entropy,0.940447989,0.45454545454545453,0.8777777777777778
semantic_entropy,0.943348392,0.46464646464646464,0.8586956521739131
semantic_entropy,1.088899975,0.5,0.8383838383838383
semantic_entropy,1.16828245,0.51010101010101,0.8316831683168316
semantic_entropy,1.193549604,0.5151515151515151,0.8235294117647058
semantic_entropy,1.220607265,0.5303030303030303,0.819047619047619
semantic_entropy,1.227529411,0.5404040404040404,0.8130841121495327
semantic_entropy,1.279854226,0.5555555555555556,0.8090909090909091
semantic_entropy,1.366158848,0.5606060606060606,0.8018018018018018
semantic_entropy,1.418483662,0.5858585858585859,0.7844827586206896
semantic_entropy,1.470808476,0.5909090909090909,0.7777777777777778
semantic_entropy,1.497866137,0.601010101010101,0.7647058823529411
semantic_entropy,1.504788284,0.6111111111111112,0.768595041322314
semantic_entropy,1.557113098,0.6262626262626263,0.7661290322580645
semantic_entropy,1.609437912,0.6616161616161617,0.7557251908396947
semantic_entropy,1.64341772,0.6717171717171717,0.7593984962406015
semantic_entropy,1.695742534,0.6818181818181818,0.7481481481481481
semantic_entropy,1.748067349,0.702020202020202,0.7338129496402878
semantic_entropy,1.83437197,0.7424242424242424,0.7142857142857143
semantic_entropy,1.886696785,0.7676767676767676,0.7039473684210527
semantic_entropy,1.973001406,0.797979797979798,0.7025316455696202
semantic_entropy,2.025326221,0.8080808080808081,0.69375
semantic_entropy,2.163955657,0.9141414141414141,0.6243093922651933
semantic_entropy,2.302585093,1.0,0.5757575757575758
naive_entropy,0.0,0.08080808080808081,1.0
naive_entropy,0.325082973,0.14646464646464646,0.9655172413793104
naive_entropy,0.500402424,0.17676767676767677,0.9428571428571428
naive_entropy,0.610864302,0.1919191919191919,0.9473684210526315
naive_entropy,0.63903186,0.21212121212121213,0.9523809523809523
naive_entropy,0.673011667,0.21717171717171718,0.9534883720930233
naive_entropy,0.693147181,0.23737373737373738,0.9574468085106383
naive_entropy,0.801818553,0.2474747474747475,0.9591836734693877
naive_entropy,0.897945725,0.2727272727272727,0.9444444444444444
naive_entropy,0.940447989,0.2878787878787879,0.9122807017543859
naive_entropy,0.943348392,0.29292929292929293,0.9137931034482759
naive_entropy,1.088899975,0.32323232323232326,0.890625
naive_entropy,1.16828245,0.3434343434343434,0.8823529411764706
naive_entropy,1.227529411,0.35858585858585856,0.8873239436619719
naive_entropy,1.279854226,0.3686868686868687,0.8767123287671232
naive_entropy,1.359236701,0.3787878787878788,0.8666666666666667
naive_entropy,1.366158848,0.3838383838383838,0.8552631578947368
naive_entropy,1.418483662,0.398989898989899,0.8354430379746836
naive_entropy,1.470808476,0.4090909090909091,0.8395061728395061
naive_entropy,1.497866137,0.42424242424242425,0.8214285714285714
naive_entropy,1.504788284,0.43434343434343436,0.8255813953488372
naive_entropy,1.609437912,0.4696969696969697,0.8172043010752689
naive_entropy,1.64341772,0.4797979797979798,0.8105263157894737
naive_entropy,1.695742534,0.5050505050505051,0.81
naive_entropy,1.748067349,0.5202020202020202,0.7961165048543689
naive_entropy,1.83437197,0.5454545454545454,0.7870370370370371
naive_entropy,1.886696785,0.5606060606060606,0.7837837837837838
naive_entropy,1.973001406,0.6060606060606061,0.75
naive_entropy,2.025326221,0.6464646464646465,0.7265625
naive_entropy,2.163955657,0.7777777777777778,0.6753246753246753
naive_entropy,2.302585093,1.0,0.5757575757575758
normalized_string_entropy,0.0,0.17676767676767677,0.9714285714285714
normalized_string_entropy,0.325082973,0.25757575757575757,0.9607843137254902
normalized_string_entropy,0.500402424,0.2676767676767677,0.9433962264150944
normalized_string_entropy,0.610864302,0.2777777777777778,0.9454545454545454
normalized_string_entropy,0.63903186,0.29797979797979796,0.9322033898305084
normalized_string_entropy,0.673011667,0.30303030303030304,0.9333333333333333
normalized_string_entropy,0.801818553,0.3333333333333333,0.9090909090909091
normalized_string_entropy,0.897945725,0.3383838383838384,0.9104477611940298
normalized_string_entropy,0.940447989,0.35353535353535354,0.8857142857142857
normalized_string_entropy,0.943348392,0.36363636363636365,0.8611111111111112
normalized_string_entropy,1.088899975,0.40404040404040403,0.825
normalized_string_entropy,1.16828245,0.41919191919191917,0.8192771084337349
normalized_string_entropy,1.220607265,0.42424242424242425,0.8214285714285714
normalized_string_entropy,1.227529411,0.4393939393939394,0.8275862068965517
normalized_string_entropy,1.279854226,0.45454545454545453,0.8222222222222222
normalized_string_entropy,1.359236701,0.4696969696969697,0.8172043010752689
normalized_string_entropy,1.366158848,0.47474747474747475,0.8085106382978723
normalized_string_entropy,1.418483662,0.4898989898989899,0.8041237113402062
normalized_string_entropy,1.470808476,0.494949494949495,0.8061224489795918
normalized_string_entropy,1.497866137,0.5151515151515151,0.7843137254901961
normalized_string_entropy,1.504788284,0.5202020202020202,0.7864077669902912
normalized_string_entropy,1.609437912,0.5454545454545454,0.7962962962962963
normalized_string_entropy,1.695742534,0.5555555555555556,0.7909090909090909
normalized_string_entropy,1.748067349,0.5808080808080808,0.7739130434782608
normalized_string_entropy,1.83437197,0.6060606060606061,0.7666666666666667
normalized_string_entropy,1.886696785,0.6313131313131313,0.744
normalized_string_entropy,1.973001406,0.6666666666666666,0.7196969696969697
normalized_string_entropy,2.025326221,0.7171717171717171,0.704225352112676
normalized_string_entropy,2.163955657,0.8232323232323232,0.6503067484662577
normalized_string_entropy,2.302585093,1.0,0.5757575757575758
